Link Text,URL
,/
"Materials







",https://engoo.com/app/materials/en
"Our Tutors







",/tutors
"Blog







",//engoo.com/blog
"Plans & Prices







",/plans
 Contact us,javascript:;
" Contact us







",#
"Corporate







",/biz
"FAQ







",/support
"Log In







",/members/auth/app_engoo?v=1
"Register







",/members/auth/app_engoo?intent=register&v=1
"Materials







",https://engoo.com/app/materials/en
"Our Tutors







",/tutors
"Blog







",//engoo.com/blog
"Plans & Prices







",/plans
 Contact us,javascript:;
" Contact us







",#
"Corporate







",/biz
"FAQ







",/support
"Log In







",/members/auth/app_engoo?v=1
"Register







",/members/auth/app_engoo?intent=register&v=1
START WITH UP TO 50% OFF,/plans
START WITH UP TO 50% OFF,/plans
LotlotHi there. My name is Teacher Lotlot. I am 29 years old. I've been an English Teacher for more than a year. I have been teaching...,/tutors/2613
"Jacob HI am a serious and diligent student of history, science and current world events. I am an ESL teacher because I am convinced th...",/tutors/20685
"ElodieI am here to share my passion for the English language with you.
I love speaking languages and teaching. I am fluent in Englis...",/tutors/23437
"GrahamHello. My name is Graham and I am a British National, currently living in Thailand. My main interests and hobbies revolve aroun...",/tutors/2329
"YukiHello! Iâ€™m Yuki, your friendly English tutor. Together, we'll craft engaging lessons tailored to your needs. When I'm not teach...",/tutors/54116
"TrevI was born and raised in Ontario, Canada. I have worked with many different types of jobs that have taken me to where I am toda...",/tutors/26823
"GeorginaHello, my name is Georgina. I have always liked working with people and I find it extremely rewarding. I like reading books abo...",/tutors/21565
"RubenI have a Bachelor of Science degree in Psychology. In 2016, I competed in a semi-professional eSports tournament, and my team w...",/tutors/26951
Start for free!,https://engoo.com/app/role-play
Conversation,https://engoo.com/app/materials/conversation/4g-usmSuEeirTddASFJXxg
Business,https://engoo.com/app/materials/business/RWVinsOrEeiE8w-LaNCm_w
Kids,https://engoo.com/app/materials/english-for-kids/Kzf_WsYaEei-YYst1rfvdg
Travel,https://engoo.com/app/materials/travel-culture/KpAtCsOrEeisw4ceJUw1Tw
Grammar,https://engoo.com/app/materials/grammar/6r1fXsYHEeimuzOlcF_9gA
Test Prep,https://engoo.com/app/materials/ielts-speaking-test-preparation/P6-s6hpMEemrUL__RArmKw
Learning MaterialsSee more,https://engoo.com/app/materials/en
,//engoo.com/app/daily-news/article
"{:text_01=>""Stay Informed with Daily News"", :text_02=>"" ""}See more",//engoo.com/app/daily-news
"Thank you Engoo for the wonderful English lessons that I've had for the past six months. My time usi...TakeEcosystem Coordin..., Kenya",/students/793
"As a user of Engoo for some time now, I have a few impressions I'd like to share. I've had the o...SelmaSalesforce Admin, Bosnia and Herzegovina",/students/790
"I've improved my speaking to its current level with Engoo.
EnderTurkey",/students/698
See more,/students
Visit Our Blog For TipsSee more,//engoo.com/blog
START WITH UP TO 50% OFF,/plans
Our Tutors,/tutors
User Testimonials,/students
Price Plans,/plans
Materials,https://engoo.com/app/materials/en
Level Guide,https://engoo.com/app/materials/levels
Blog,//engoo.com/blog
FAQ,/faq
Contact Us,#
Engoo for Business,/biz
Apply to Teach,//engoo.com/app/teach
Terms and Conditions,/terms_of_use
Privacy Policy,/privacy_policy
,https://www.facebook.com/EngooDotcom/
,https://www.instagram.com/engoo_global/
,https://www.linkedin.com/company/engoo/
,https://www.youtube.com/channel/UCCl14MTUJAV9dL_spHnnPtw
